Category,Reference count
Botanical extracts & waters,513
Carrier oils,577
Essential oils & fragrances,537
Butters & waxes,161
Emollients & conditioners,158
Actives & vitamins,191
Proteins & peptides,61
Emulsifiers & solubilizers,135
Surfactants & cleansers,85
Thickeners & texture,105
Humectants & moisturizers,126
Preservation support,97
Colors & mineral powders,112
Exfoliants & acids,66
Formulation aids,122
Chelators,25
pH adjusters & buffers,204
Solvents,52
Film formers,16
UV filters & absorbers,34
Deodorant ingredients,9
Oral care ingredients,29
Antioxidants,39
Hair color & permanent waving,13
